Text,Label
"123 Main Street, Cityville",Address
"The quick brown fox jumps over the lazy dog",Not Address
"456 Elm Avenue, Townsville",Address
"789 Oak Lane, Villageton",Address
"10 Pine Street, Forestville",Address
"42 Willow Road, Lakeside",Address
"The sun is shining brightly today",Not Address
"567 River View Drive, Riverside",Address
"The moonlight casts shadows on the ground",Not Address
"321 Park Avenue, Parksville",Address
"987 Elm Street, Elmville",Address
"A gentle breeze rustles the leaves",Not Address
"555 High Street, Hillside",Address
"888 Maple Avenue, Mapletown",Address
"876 Oak Street, Oakville",Address
"The ocean waves crash against the shore",Not Address
"654 Cedar Road, Cedartown",Address
"111 Birch Lane, Birchville",Address
"999 Pine Avenue, Pinetown",Address
"333 Spruce Street, Sprucetown",Address
"222 Oak Road, Oakville",Address
"A red car speeds down the highway",Not Address
"777 Willow Lane, Willowtown",Address
"The sun sets behind the mountains",Not Address
"444 Elm Street, Elmwood",Address
"The cat chases the mouse around the room",Not Address
"123 Maple Avenue, Mapleton",Address
"The wind rustles the leaves in the trees",Not Address
"666 Birch Road, Birchwood",Address
"567 Cedar Street, Cedartown",Address
"The river flows gently under the bridge",Not Address
"888 Pine Lane, Pinewood",Address
"789 High Street, Hightown",Address
"The crowd cheers at the stadium",Not Address
"555 Spruce Road, Spruceville",Address
"The rain pours down from the dark clouds",Not Address
"111 River Lane, Rivertown",Address
"The snow covers the ground in a white blanket",Not Address
"999 Park Street, Parkville",Address
"The birds chirp in the early morning",Not Address
"123 Forest Road, Forestville",Address
"The stars twinkle in the night sky",Not Address
"444 Lake Lane, Laketown",Address
"The train speeds along the tracks",Not Address
"666 Mountain Road, Mountaintop",Address
"The waves crash against the rocky shore",Not Address
"222 Valley Avenue, Valleytown",Address
"The leaves fall from the trees in autumn",Not Address
"777 Beach Road, Beachside",Address
"The children play in the park",Not Address
Text,Label
"1/123, Mahatma Gandhi Road, Delhi",Address
"22, Park Street, Kolkata",Address
"5A, Brigade Road, Bangalore",Address
"10, MG Road, Mumbai",Address
"45, MG Road, Pune",Address
"7, Ashoka Road, New Delhi",Address
"30, Connaught Place, Delhi",Address
"12, Richmond Road, Bangalore",Address
"15, Marine Drive, Mumbai",Address
"3, Koregaon Park, Pune",Address
"25, Church Street, Bangalore",Address
"8/800, Rajaji Marg, New Delhi",Address
"67, Park Lane, Hyderabad",Address
"18, Janpath, Delhi",Address
"2, Brigade Road, Bangalore",Address
"39, Colaba Causeway, Mumbai",Address
"11, Greams Road, Chennai",Address
"9, Hill Road, Mumbai",Address
"101, Residency Road, Bangalore",Address
"5, Sarat Bose Road, Kolkata",Address
"14, Linking Road, Mumbai",Address
"6, Hitech City, Hyderabad",Address
"22, Banjara Hills, Hyderabad",Address
"17, Sector 17, Chandigarh",Address
"33, Race Course Road, Chennai",Address
"4, Jawaharlal Nehru Road, Kolkata",Address
"7, Park Street, Kolkata",Address
"99, Brigade Road, Bangalore",Address
"21, Connaught Place, Delhi",Address
"8, Victoria Memorial Road, Kolkata",Address
"56, DLF Cyber City, Gurgaon",Address
"19, Hazratganj, Lucknow",Address
"37, Anna Salai, Chennai",Address
"23, Kalighat Road, Kolkata",Address
"10, Andheri East, Mumbai",Address
"31, Cunningham Road, Bangalore",Address
"2, Jayanagar, Bangalore",Address
"16, Lajpat Nagar, Delhi",Address
"12, Lokhandwala Complex, Mumbai",Address
"28, Juhu Beach, Mumbai",Address
"6, Nungambakkam, Chennai",Address
"45, Sardar Patel Road, Secunderabad",Address
"20, Jubilee Hills, Hyderabad",Address
"8, Basant Lok, Vasant Vihar, Delhi",Address
"9, Ballygunge Place, Kolkata",Address
"5, Khader Nawaz Khan Road, Chennai",Address
"14, Old Mahabalipuram Road, Chennai",Address
"27, Vittal Mallya Road, Bangalore",Address
"1/123, Mahatma Gandhi Road, Delhi",Address
"22, Park Street, Kolkata",Address
"5A, Brigade Road, Bangalore",Address
"10, MG Road, Mumbai",Address
"45, MG Road, Pune",Address
"7, Ashoka Road, New Delhi",Address
"30, Connaught Place, Delhi",Address
"12, Richmond Road, Bangalore",Address
"15, Marine Drive, Mumbai",Address
"3, Koregaon Park, Pune",Address
"25, Church Street, Bangalore",Address
"8/800, Rajaji Marg, New Delhi",Address
"67, Park Lane, Hyderabad",Address
"18, Janpath, Delhi",Address
"2, Brigade Road, Bangalore",Address
"39, Colaba Causeway, Mumbai",Address
"11, Greams Road, Chennai",Address
"9, Hill Road, Mumbai",Address
"101, Residency Road, Bangalore",Address
"5, Sarat Bose Road, Kolkata",Address
"14, Linking Road, Mumbai",Address
"6, Hitech City, Hyderabad",Address
"22, Banjara Hills, Hyderabad",Address
"17, Sector 17, Chandigarh",Address
"33, Race Course Road, Chennai",Address
"4, Jawaharlal Nehru Road, Kolkata",Address
"7, Park Street, Kolkata",Address
"99, Brigade Road, Bangalore",Address
"21, Connaught Place, Delhi",Address
"8, Victoria Memorial Road, Kolkata",Address
"56, DLF Cyber City, Gurgaon",Address
"19, Hazratganj, Lucknow",Address
"37, Anna Salai, Chennai",Address
"23, Kalighat Road, Kolkata",Address
"10, Andheri East, Mumbai",Address
"31, Cunningham Road, Bangalore",Address
"2, Jayanagar, Bangalore",Address
"16, Lajpat Nagar, Delhi",Address
"12, Lokhandwala Complex, Mumbai",Address
"28, Juhu Beach, Mumbai",Address
"6, Nungambakkam, Chennai",Address
"45, Sardar Patel Road, Secunderabad",Address
"20, Jubilee Hills, Hyderabad",Address
"8, Basant Lok, Vasant Vihar, Delhi",Address
"9, Ballygunge Place, Kolkata",Address
"5, Khader Nawaz Khan Road, Chennai",Address
"14, Old Mahabalipuram Road, Chennai",Address
"27, Vittal Mallya Road, Bangalore",Address
"The sun is shining brightly today",Not Address
"The moonlight casts shadows on the ground",Not Address
"A red car speeds down the highway",Not Address
"The cat chases the mouse around the room",Not Address
"The rain pours down from the dark clouds",Not Address
"The ocean waves crash against the shore",Not Address
"The snow covers the ground in a white blanket",Not Address
"The wind rustles the leaves in the trees",Not Address
"The stars twinkle in the night sky",Not Address
"The river flows gently under the bridge",Not Address
"The birds chirp in the early morning",Not Address
"The children play in the park",Not Address
"The train speeds along the tracks",Not Address
"The crowd cheers at the stadium",Not Address
"The sun sets behind the mountains",Not Address
"The waves crash against the rocky shore",Not Address
"A gentle breeze rustles the leaves",Not Address
"The sun rises over the horizon",Not Address
"The city skyline lights up at night",Not Address
"The leaves fall from the trees in autumn",Not Address
"The coffee is brewing in the kitchen",Not Address
"The clock ticks softly in the background",Not Address
"The car honks loudly in traffic",Not Address
"The rainforest is teeming with life",Not Address
"The road stretches endlessly into the distance",Not Address
"The mountains stand tall against the sky",Not Address
"The fire crackles in the fireplace",Not Address
"The waves lap against the sandy beach",Not Address
"The flowers bloom in the springtime",Not Address
"The old oak tree shades the garden",Not Address
"The city never sleeps, always bustling",Not Address
"The waterfall cascades down the rocks",Not Address
"The river meanders through the valley",Not Address
"The campfire warms the chilly night",Not Address
"The piano plays a haunting melody",Not Address
"The stars shimmer in the midnight sky",Not Address
"The birdsong welcomes the dawn",Not Address
"The forest is quiet, except for rustling leaves",Not Address
"The children laugh and play in the park",Not Address
"The wind howls through the abandoned building",Not Address
"The waves crash against the cliffs",Not Address
"The coffee aroma fills the air",Not Address
"The clock strikes midnight, echoing in the silence",Not Address
"42, Indiranagar, Bangalore",Address
"14/5, Gariahat Road, Kolkata",Address
"9, Bandra West, Mumbai",Address
"26, Koregaon Park, Pune",Address
"17, Brigade Road, Bangalore",Address
"5, Hauz Khas, New Delhi",Address
"82, Jubilee Hills, Hyderabad",Address
"29, Connaught Place, Delhi",Address
"18/2, Park Street, Kolkata",Address
"7, Malleshwaram, Bangalore",Address
"63, Karol Bagh, New Delhi",Address
"11, MG Road, Pune",Address
"37, Fort Kochi, Kerala",Address
"6, Powai, Mumbai",Address
"22, Church Street, Bangalore",Address
"54, Anna Salai, Chennai",Address
"3, Lalbagh Road, Bangalore",Address
"88, Khader Nawaz Khan Road, Chennai",Address
"36, Nepean Sea Road, Mumbai",Address
"19, M.G. Road, Bangalore",Address
"8, Victoria Layout, Bangalore",Address
"55, Janpath, New Delhi",Address
"16, Lavelle Road, Bangalore",Address
"47, DLF Cyber City, Gurgaon",Address
"21, Lokhandwala Complex, Mumbai",Address
"10, Besant Nagar, Chennai",Address
"25, Greater Kailash, New Delhi",Address
"35, Salt Lake City, Kolkata",Address
"2, Juhu Tara Road, Mumbai",Address
"9, Banjara Hills, Hyderabad",Address
"64, Andheri West, Mumbai",Address
"13, Park Street, Kolkata",Address
"31, Brigade Road, Bangalore",Address
"8, Greams Road, Chennai",Address
"4, Rajaji Marg, New Delhi",Address
"27, Karapakkam, Chennai",Address
"77, Cunningham Road, Bangalore",Address
"14, Basant Lok, Vasant Vihar, Delhi",Address
"6, Infantry Road, Bangalore",Address
"23, Hill Road, Mumbai",Address
"45, Adyar, Chennai",Address
"32, Ashoka Road, New Delhi",Address
"58, Malad West, Mumbai",Address
"7, Vittal Mallya Road, Bangalore",Address
"38, Malleshwaram, Bangalore",Address
"10, Nungambakkam, Chennai",Address
"27, Indiranagar, Bangalore",Address
"20, Viman Nagar, Pune",Address
"8, Church Street, Bangalore",Address
"72, Anna Salai, Chennai",Address
"41, Connaught Place, Delhi",Address
"The sun is shining brightly today",Not Address
"The moonlight casts shadows on the ground",Not Address
"A red car speeds down the highway",Not Address
"The cat chases the mouse around the room",Not Address
"The rain pours down from the dark clouds",Not Address
"The ocean waves crash against the shore",Not Address
"The snow covers the ground in a white blanket",Not Address
"The wind rustles the leaves in the trees",Not Address
"The stars twinkle in the night sky",Not Address
"The river flows gently under the bridge",Not Address
"The birds chirp in the early morning",Not Address
"The children play in the park",Not Address
"The train speeds along the tracks",Not Address
"The crowd cheers at the stadium",Not Address
"The sun sets behind the mountains",Not Address
"The waves crash against the rocky shore",Not Address
"A gentle breeze rustles the leaves",Not Address
"The sun rises over the horizon",Not Address
"The city skyline lights up at night",Not Address
"The leaves fall from the trees in autumn",Not Address
"The coffee is brewing in the kitchen",Not Address
"The clock ticks softly in the background",Not Address
"The car honks loudly in traffic",Not Address
"The rainforest is teeming with life",Not Address
"The road stretches endlessly into the distance",Not Address
"The mountains stand tall against the sky",Not Address
"The fire crackles in the fireplace",Not Address
"The waves lap against the sandy beach",Not Address
"The flowers bloom in the springtime",Not Address
"The old oak tree shades the garden",Not Address
"The city never sleeps, always bustling",Not Address
"The waterfall cascades down the rocks",Not Address
"The river meanders through the valley",Not Address
"The campfire warms the chilly night",Not Address
"The piano plays a haunting melody",Not Address
"The stars shimmer in the midnight sky",Not Address
"The birdsong welcomes the dawn",Not Address
"The forest is quiet, except for rustling leaves",Not Address
"The children laugh and play in the park",Not Address
"The wind howls through the abandoned building",Not Address
"The waves crash against the cliffs",Not Address
"The coffee aroma fills the air",Not Address
"The clock strikes midnight, echoing in the silence",Not Address
"51, Banaswadi, Bangalore",Address
"7, Cunningham Road, Bangalore",Address
"14, Kalighat Road, Kolkata",Address
"33, Lajpat Nagar, Delhi",Address
"16, Park Lane, Hyderabad",Address
"22, Anna Salai, Chennai",Address
"6, Rajaji Marg, New Delhi",Address
"39, Brigade Road, Bangalore",Address
"5, Kalyani Nagar, Pune",Address
"12, Marine Drive, Mumbai",Address
"29, Church Street, Bangalore",Address
"17, Andheri West, Mumbai",Address
"42, Koramangala, Bangalore",Address
"9, Ballygunge Place, Kolkata",Address
"25, Lavelle Road, Bangalore",Address
"8, Sector 17, Chandigarh",Address
"3, Salt Lake City, Kolkata",Address
"20, Adyar, Chennai",Address
"11, Indiranagar, Bangalore",Address
"27, Karol Bagh, New Delhi",Address
"88, Richmond Road, Bangalore",Address
"4, Park Street, Kolkata",Address
"37, Basant Lok, Vasant Vihar, Delhi",Address
"23, Hazratganj, Lucknow",Address
"15, Mount Road, Chennai",Address
"10, Malad West, Mumbai",Address
"58, Jubilee Hills, Hyderabad",Address
"31, Greams Road, Chennai",Address
"24, Bandra West, Mumbai",Address
"6, Hauz Khas, New Delhi",Address
"47, Brigade Road, Bangalore",Address
"21, Lokhandwala Complex, Mumbai",Address
"26, Koregaon Park, Pune",Address
"14/5, Gariahat Road, Kolkata",Address
"11, MG Road, Pune",Address
"36, Nepean Sea Road, Mumbai",Address
"5, Malleshwaram, Bangalore",Address
"19, M.G. Road, Bangalore",Address
"33, Race Course Road, Chennai",Address
"8, Victoria Layout, Bangalore",Address
"22, Banjara Hills, Hyderabad",Address
"6, Powai, Mumbai",Address
"25, Greater Kailash, New Delhi",Address
"45, Sardar Patel Road, Secunderabad",Address
"10, Besant Nagar, Chennai",Address
"54, Anna Salai, Chennai",Address
"19, Khader Nawaz Khan Road, Chennai",Address
"36, Park Street, Kolkata",Address
"The sun is shining brightly today",Not Address
"The moonlight casts shadows on the ground",Not Address
"A red car speeds down the highway",Not Address
"The cat chases the mouse around the room",Not Address
"The rain pours down from the dark clouds",Not Address
"The ocean waves crash against the shore",Not Address
"The snow covers the ground in a white blanket",Not Address
"The wind rustles the leaves in the trees",Not Address
"The stars twinkle in the night sky",Not Address
"The river flows gently under the bridge",Not Address
"The birds chirp in the early morning",Not Address
"The children play in the park",Not Address
"The train speeds along the tracks",Not Address
"The crowd cheers at the stadium",Not Address
"The sun sets behind the mountains",Not Address
"The waves crash against the rocky shore",Not Address
"A gentle breeze rustles the leaves",Not Address
"The sun rises over the horizon",Not Address
"The city skyline lights up at night",Not Address
"The leaves fall from the trees in autumn",Not Address
"The coffee is brewing in the kitchen",Not Address
"The clock ticks softly in the background",Not Address
"The car honks loudly in traffic",Not Address
"The rainforest is teeming with life",Not Address
"The road stretches endlessly into the distance",Not Address
"The mountains stand tall against the sky",Not Address
"The fire crackles in the fireplace",Not Address
"The waves lap against the sandy beach",Not Address
"The flowers bloom in the springtime",Not Address
"The old oak tree shades the garden",Not Address
"The city never sleeps, always bustling",Not Address
"The waterfall cascades down the rocks",Not Address
"The river meanders through the valley",Not Address
"The campfire warms the chilly night",Not Address
"The piano plays a haunting melody",Not Address
"The stars shimmer in the midnight sky",Not Address
"The birdsong welcomes the dawn",Not Address
"The forest is quiet, except for rustling leaves",Not Address
"The children laugh and play in the park",Not Address
"The wind howls through the abandoned building",Not Address
"The waves crash against the cliffs",Not Address
"The coffee aroma fills the air",Not Address
"The clock strikes midnight, echoing in the silence",Not Address
"11, Indiranagar, Bangalore",Address
"27, Karol Bagh, New Delhi",Address
"88, Richmond Road, Bangalore",Address
"4, Park Street, Kolkata",Address
"37, Basant Lok, Vasant Vihar, Delhi",Address
"23, Hazratganj, Lucknow",Address
"15, Mount Road, Chennai",Address
"10, Malad West, Mumbai",Address
"58, Jubilee Hills, Hyderabad",Address
"31, Greams Road, Chennai",Address
"24, Bandra West, Mumbai",Address
"6, Hauz Khas, New Delhi",Address
"47, Brigade Road, Bangalore",Address
"21, Lokhandwala Complex, Mumbai",Address
"26, Koregaon Park, Pune",Address
"14/5, Gariahat Road, Kolkata",Address
"11, MG Road, Pune",Address
"36, Nepean Sea Road, Mumbai",Address
"5, Malleshwaram, Bangalore",Address
"19, M.G. Road, Bangalore",Address
"33, Race Course Road, Chennai",Address
"8, Victoria Layout, Bangalore",Address
"22, Banjara Hills, Hyderabad",Address
"6, Powai, Mumbai",Address
"25, Greater Kailash, New Delhi",Address
"45, Sardar Patel Road, Secunderabad",Address
"10, Besant Nagar, Chennai",Address
"54, Anna Salai, Chennai",Address
"19, Khader Nawaz Khan Road, Chennai",Address
"36, Park Street, Kolkata",Address
"51, Banaswadi, Bangalore",Address
"7, Cunningham Road, Bangalore",Address
"14, Kalighat Road, Kolkata",Address
"33, Lajpat Nagar, Delhi",Address
"16, Park Lane, Hyderabad",Address
"22, Anna Salai, Chennai",Address
"6, Rajaji Marg, New Delhi",Address
"39, Brigade Road, Bangalore",Address
"5, Kalyani Nagar, Pune",Address
"12, Marine Drive, Mumbai",Address
"29, Church Street, Bangalore",Address
"17, Andheri West, Mumbai",Address
"42, Koramangala, Bangalore",Address
"9, Ballygunge Place, Kolkata",Address
"25, Lavelle Road, Bangalore",Address
"8, Sector 17, Chandigarh",Address
"3, Salt Lake City, Kolkata",Address
"20, Adyar, Chennai",Address
"11, Indiranagar, Bangalore",Address
"27, Karol Bagh, New Delhi",Address
"88, Richmond Road, Bangalore",Address
"4, Park Street, Kolkata",Address
"37, Basant Lok, Vasant Vihar, Delhi",Address
"23, Hazratganj, Lucknow",Address
"15, Mount Road, Chennai",Address
"10, Malad West, Mumbai",Address
"58, Jubilee Hills, Hyderabad",Address
"31, Greams Road, Chennai",Address
"24, Bandra West, Mumbai",Address
"6, Hauz Khas, New Delhi",Address
"47, Brigade Road, Bangalore",Address
"21, Lokhandwala Complex, Mumbai",Address
"26, Koregaon Park, Pune",Address
"14/5, Gariahat Road, Kolkata",Address
"11, MG Road, Pune",Address
"36, Nepean Sea Road, Mumbai",Address
"5, Malleshwaram, Bangalore",Address
"19, M.G. Road, Bangalore",Address
"33, Race Course Road, Chennai",Address
"8, Victoria Layout, Bangalore",Address
"22, Banjara Hills, Hyderabad",Address
"6, Powai, Mumbai",Address
"25, Greater Kailash, New Delhi",Address
"45, Sardar Patel Road, Secunderabad",Address
"10, Besant Nagar, Chennai",Address
"54, Anna Salai, Chennai",Address
"19, Khader Nawaz Khan Road, Chennai",Address
"36, Park Street, Kolkata",Address
"The sun is shining brightly today",Not Address
"The moonlight casts shadows on the ground",Not Address
"A red car speeds down the highway",Not Address
"The cat chases the mouse around the room",Not Address
"The rain pours down from the dark clouds",Not Address
"The ocean waves crash against the shore",Not Address
"The snow covers the ground in a white blanket",Not Address
"The wind rustles the leaves in the trees",Not Address
"The stars twinkle in the night sky",Not Address
"The river flows gently under the bridge",Not Address
"The birds chirp in the early morning",Not Address
"The children play in the park",Not Address
"The train speeds along the tracks",Not Address
"The crowd cheers at the stadium",Not Address
"The sun sets behind the mountains",Not Address
"The waves crash against the rocky shore",Not Address
"A gentle breeze rustles the leaves",Not Address
"The sun rises over the horizon",Not Address
"The city skyline lights up at night",Not Address
"The leaves fall from the trees in autumn",Not Address
"The coffee is brewing in the kitchen",Not Address
"The clock ticks softly in the background",Not Address
"The car honks loudly in traffic",Not Address
"The rainforest is teeming with life",Not Address
"The road stretches endlessly into the distance",Not Address
"The mountains stand tall against the sky",Not Address
"The fire crackles in the fireplace",Not Address
"The waves lap against the sandy beach",Not Address
"The flowers bloom in the springtime",Not Address
"The old oak tree shades the garden",Not Address
"The city never sleeps, always bustling",Not Address
"The waterfall cascades down the rocks",Not Address
"The river meanders through the valley",Not Address
"The campfire warms the chilly night",Not Address
"The piano plays a haunting melody",Not Address
"The stars shimmer in the midnight sky",Not Address
"The birdsong welcomes the dawn",Not Address
"The forest is quiet, except for rustling leaves",Not Address
"The children laugh and play in the park",Not Address
"51, Banaswadi, Bangalore",Address
"7, Cunningham Road, Bangalore",Address
"14, Kalighat Road, Kolkata",Address
"33, Lajpat Nagar, Delhi",Address
"16, Park Lane, Hyderabad",Address
"22, Anna Salai, Chennai",Address
"6, Rajaji Marg, New Delhi",Address
"39, Brigade Road, Bangalore",Address
"5, Kalyani Nagar, Pune",Address
"12, Marine Drive, Mumbai",Address
"29, Church Street, Bangalore",Address
"17, Andheri West, Mumbai",Address
"42, Koramangala, Bangalore",Address
"9, Ballygunge Place, Kolkata",Address
"25, Lavelle Road, Bangalore",Address
"8, Sector 17, Chandigarh",Address
"3, Salt Lake City, Kolkata",Address
"20, Adyar, Chennai",Address
"11, Indiranagar, Bangalore",Address
"27, Karol Bagh, New Delhi",Address
"88, Richmond Road, Bangalore",Address
"4, Park Street, Kolkata",Address
"37, Basant Lok, Vasant Vihar, Delhi",Address
"23, Hazratganj, Lucknow",Address
"15, Mount Road, Chennai",Address
"10, Malad West, Mumbai",Address
"58, Jubilee Hills, Hyderabad",Address
"31, Greams Road, Chennai",Address
"24, Bandra West, Mumbai",Address
"6, Hauz Khas, New Delhi",Address
"47, Brigade Road, Bangalore",Address
"21, Lokhandwala Complex, Mumbai",Address
"26, Koregaon Park, Pune",Address
"14/5, Gariahat Road, Kolkata",Address
"11, MG Road, Pune",Address
"36, Nepean Sea Road, Mumbai",Address
"5, Malleshwaram, Bangalore",Address
"19, M.G. Road, Bangalore",Address
"33, Race Course Road, Chennai",Address
"8, Victoria Layout, Bangalore",Address
"22, Banjara Hills, Hyderabad",Address
"6, Powai, Mumbai",Address
"25, Greater Kailash, New Delhi",Address
"45, Sardar Patel Road, Secunderabad",Address
"10, Besant Nagar, Chennai",Address
"54, Anna Salai, Chennai",Address
"19, Khader Nawaz Khan Road, Chennai",Address
"36, Park Street, Kolkata",Address
"51, Banaswadi, Bangalore",Address
"7, Cunningham Road, Bangalore",Address
"14, Kalighat Road, Kolkata",Address
"33, Lajpat Nagar, Delhi",Address
"16, Park Lane, Hyderabad",Address
"22, Anna Salai, Chennai",Address
"6, Rajaji Marg, New Delhi",Address
"39, Brigade Road, Bangalore",Address
"5, Kalyani Nagar, Pune",Address
"12, Marine Drive, Mumbai",Address
"29, Church Street, Bangalore",Address
"17, Andheri West, Mumbai",Address
"42, Koramangala, Bangalore",Address
"9, Ballygunge Place, Kolkata",Address
"25, Lavelle Road, Bangalore",Address
"8, Sector 17, Chandigarh",Address
"3, Salt Lake City, Kolkata",Address
"20, Adyar, Chennai",Address
"11, Indiranagar, Bangalore",Address
"27, Karol Bagh, New Delhi",Address
"88, Richmond Road, Bangalore",Address
"4, Park Street, Kolkata",Address
"37, Basant Lok, Vasant Vihar, Delhi",Address
"23, Hazratganj, Lucknow",Address
"15, Mount Road, Chennai",Address
"10, Malad West, Mumbai",Address
"58, Jubilee Hills, Hyderabad",Address
"31, Greams Road, Chennai",Address
"24, Bandra West, Mumbai",Address
"6, Hauz Khas, New Delhi",Address
"47, Brigade Road, Bangalore",Address
"21, Lokhandwala Complex, Mumbai",Address
"26, Koregaon Park, Pune",Address
"14/5, Gariahat Road, Kolkata",Address
"11, MG Road, Pune",Address
"36, Nepean Sea Road, Mumbai",Address
"5, Malleshwaram, Bangalore",Address
"19, M.G. Road, Bangalore",Address
"33, Race Course Road, Chennai",Address
"8, Victoria Layout, Bangalore",Address
"22, Banjara Hills, Hyderabad",Address
"6, Powai, Mumbai",Address
"25, Greater Kailash, New Delhi",Address
"45, Sardar Patel Road, Secunderabad",Address
"10, Besant Nagar, Chennai",Address
"54, Anna Salai, Chennai",Address
"19, Khader Nawaz Khan Road, Chennai",Address
"36, Park Street, Kolkata",Address
"The sun is shining brightly today",Not Address
"The moonlight casts shadows on the ground",Not Address
"A red car speeds down the highway",Not Address
"The cat chases the mouse around the room",Not Address
"The rain pours down from the dark clouds",Not Address
"The ocean waves crash against the shore",Not Address
"The snow covers the ground in a white blanket",Not Address
"The wind rustles the leaves in the trees",Not Address
"The stars twinkle in the night
"The wind rustles the leaves in the trees",Not Address
"The stars twinkle in the night sky",Not Address
"The river flows gently under the bridge",Not Address
"The birds chirp in the early morning",Not Address
"The children play in the park",Not Address
"The train speeds along the tracks",Not Address
"The crowd cheers at the stadium",Not Address
"The sun sets behind the mountains",Not Address
"The waves crash against the rocky shore",Not Address
"A gentle breeze rustles the leaves",Not Address
"The sun rises over the horizon",Not Address
"The city skyline lights up at night",Not Address
"The leaves fall from the trees in autumn",Not Address
"The coffee is brewing in the kitchen",Not Address
"The clock ticks softly in the background",Not Address
"The car honks loudly in traffic",Not Address
"The rainforest is teeming with life",Not Address
"The road stretches endlessly into the distance",Not Address
"The mountains stand tall against the sky",Not Address
"The fire crackles in the fireplace",Not Address
"The waves lap against the sandy beach",Not Address
"The flowers bloom in the springtime",Not Address
"The old oak tree shades the garden",Not Address
"The city never sleeps, always bustling",Not Address
"The waterfall cascades down the rocks",Not Address
"The river meanders through the valley",Not Address
"The campfire warms the chilly night",Not Address
"The piano plays a haunting melody",Not Address
"The stars shimmer in the midnight sky",Not Address
"The birdsong welcomes the dawn",Not Address
"The forest is quiet, except for rustling leaves",Not Address
"The children laugh and play in the park",Not Address
"The wind howls through the abandoned building",Not Address
"The waves crash against the cliffs",Not Address
"The coffee aroma fills the air",Not Address
"The clock strikes midnight, echoing in the silence",Not Address
"The sun is shining brightly today",Not Address
"The moonlight casts shadows on the ground",Not Address
"A red car speeds down the highway",Not Address
"The cat chases the mouse around the room",Not Address
"The rain pours down from the dark clouds",Not Address
"The ocean waves crash against the shore",Not Address
"The snow covers the ground in a white blanket",Not Address
"The wind rustles the leaves in the trees",Not Address
"The stars twinkle in the night sky",Not Address
"The river flows gently under the bridge",Not Address
"The birds chirp in the early morning",Not Address
"The children play in the park",Not Address
"The train speeds along the tracks",Not Address
"The crowd cheers at the stadium",Not Address
"The sun sets behind the mountains",Not Address
"The waves crash against the rocky shore",Not Address
"A gentle breeze rustles the leaves",Not Address
"The sun rises over the horizon",Not Address
"The city skyline lights up at night",Not Address
"The leaves fall from the trees in autumn",Not Address
"The coffee is brewing in the kitchen",Not Address
"The clock ticks softly in the background",Not Address
"The car honks loudly in traffic",Not Address
"The rainforest is teeming with life",Not Address
"The road stretches endlessly into the distance",Not Address
"The mountains stand tall against the sky",Not Address
"The fire crackles in the fireplace",Not Address
"The waves lap against the sandy beach",Not Address
"The flowers bloom in the springtime",Not Address
"The old oak tree shades the garden",Not Address
"The city never sleeps, always bustling",Not Address
"The waterfall cascades down the rocks",Not Address
"The river meanders through the valley",Not Address
"The campfire warms the chilly night",Not Address
"The piano plays a haunting melody",Not Address
"The stars shimmer in the midnight sky",Not Address
"The birdsong welcomes the dawn",Not Address
"The forest is quiet, except for rustling leaves",Not Address
"The children laugh and play in the park",Not Address
"The wind howls through the abandoned building",Not Address
"The waves crash against the cliffs",Not Address
"The coffee aroma fills the air",Not Address
"The clock strikes midnight, echoing in the silence",Not Address
"The sun is shining brightly today",Not Address
"The moonlight casts shadows on the ground",Not Address
"A red car speeds down the highway",Not Address
"The cat chases the mouse around the room",Not Address
"The rain pours down from the dark clouds",Not Address
"The ocean waves crash against the shore",Not Address
"The snow covers the ground in a white blanket",Not Address
"The wind rustles the leaves in the trees",Not Address
"The stars twinkle in the night sky",Not Address
"The river flows gently under the bridge",Not Address
"The birds chirp in the early morning",Not Address
"The children play in the park",Not Address
"The train speeds along the tracks",Not Address
"The crowd cheers at the stadium",Not Address
"The sun sets behind the mountains",Not Address
"The waves crash against the rocky shore",Not Address
"A gentle breeze rustles the leaves",Not Address
"The sun rises over the horizon",Not Address
"The city skyline lights up at night",Not Address
"The leaves fall from the trees in autumn",Not Address
"The coffee is brewing in the kitchen",Not Address
"The clock ticks softly in the background",Not Address
"The car honks loudly in traffic",Not Address
"The rainforest is teeming with life",Not Address
"The road stretches endlessly into the distance",Not Address
"The mountains stand tall against the sky",Not Address
"The fire crackles in the fireplace",Not Address
"The waves lap against the sandy beach",Not Address
"The flowers bloom in the springtime",Not Address
"The old oak tree shades the garden",Not Address
"The city never sleeps, always bustling",Not Address
"The waterfall cascades down the rocks",Not Address
"The river meanders through the valley",Not Address
"The campfire warms the chilly night",Not Address
"The piano plays a haunting melody",Not Address
"The stars shimmer in the midnight sky",Not Address
"The birdsong welcomes the dawn",Not Address
"The forest is quiet, except for rustling leaves",Not Address
"The children laugh and play in the park",Not Address
"The wind howls through the abandoned building",Not Address
"The waves crash against the cliffs",Not Address
"The coffee aroma fills the air",Not Address
"The clock strikes midnight, echoing in the silence",Not Address
"The sun is shining brightly today",Not Address
"The moonlight casts shadows on the ground",Not Address
"A red car speeds down the highway",Not Address
"The cat chases the mouse around the room",Not Address
"The rain pours down from the dark clouds",Not Address
"The ocean waves crash against the shore",Not Address
"The snow covers the ground in a white blanket",Not Address
"The wind rustles the leaves in the trees",Not Address
"The stars twinkle in the night sky",Not Address
"The river flows gently under the bridge",Not Address
"The birds chirp in the early morning",Not Address
"The children play in the park",Not Address
"The train speeds along the tracks",Not Address
"The crowd cheers at the stadium",Not Address
"The sun sets behind the mountains",Not Address
"The waves crash against the rocky shore",Not Address
"A gentle breeze rustles the leaves",Not Address
"The sun rises over the horizon",Not Address
"The city skyline lights up at night",Not Address
"The leaves fall from the trees in autumn",Not Address
"The coffee is brewing in the kitchen",Not Address
"The clock ticks softly in the background",Not Address
"The car honks loudly in traffic",Not Address
"The rainforest is teeming with life",Not Address
"The road stretches endlessly into the distance",Not Address
"The mountains stand tall against the sky",Not Address
"The fire crackles in the fireplace",Not Address
"The waves lap against the sandy beach",Not Address
"The flowers bloom in the springtime",Not Address
"The old oak tree shades the garden",Not Address
"The city never sleeps, always bustling",Not Address
"The waterfall cascades down the rocks",Not Address
"The river meanders through the valley",Not Address
"The campfire warms the chilly night",Not Address
"The piano plays a haunting melody",Not Address
"The stars shimmer in the midnight sky",Not Address
"The birdsong welcomes the dawn",Not Address
"The forest is quiet, except for rustling leaves",Not Address
"The children laugh and play in the park",Not Address
"The wind howls through the abandoned building",Not Address
"The waves crash against the cliffs",Not Address
"The snow covers the ground in a white blanket",Not Address
"The wind rustles the leaves in the trees",Not Address
"The stars twinkle in the night sky",Not Address
"The river flows gently under the bridge",Not Address
"The birds chirp in the early morning",Not Address
"The children play in the park",Not Address
"The train speeds along the tracks",Not Address
"The crowd cheers at the stadium",Not Address
"The sun sets behind the mountains",Not Address
"The waves crash against the rocky shore",Not Address
"A gentle breeze rustles the leaves",Not Address
"The sun rises over the horizon",Not Address
"The city skyline lights up at night",Not Address
"The leaves fall from the trees in autumn",Not Address
"The coffee is brewing in the kitchen",Not Address
"The clock ticks softly in the background",Not Address
"The car honks loudly in traffic",Not Address
"The rainforest is teeming with life",Not Address
"The road stretches endlessly into the distance",Not Address
"The mountains stand tall against the sky",Not Address
"The fire crackles in the fireplace",Not Address
"The waves lap against the sandy beach",Not Address
"The flowers bloom in the springtime",Not Address
"The old oak tree shades the garden",Not Address
"The city never sleeps, always bustling",Not Address
"The waterfall cascades down the rocks",Not Address
"The river meanders through the valley",Not Address
"The campfire warms the chilly night",Not Address
"The piano plays a haunting melody",Not Address
"The stars shimmer in the midnight sky",Not Address
"The birdsong welcomes the dawn",Not Address
"The forest is quiet, except for rustling leaves",Not Address
"The children laugh and play in the park",Not Address
"The wind howls through the abandoned building",Not Address
"The waves crash against the cliffs",Not Address
"The coffee aroma fills the air",Not Address
"The clock strikes midnight, echoing in the silence",Not Address
"The sun is shining brightly today",Not Address
"The moonlight casts shadows on the ground",Not Address
"A red car speeds down the highway",Not Address
"The cat chases the mouse around the room",Not Address
"The rain pours down from the dark clouds",Not Address
"The ocean waves crash against the shore",Not Address
"The snow covers the ground in a white blanket",Not Address
"The wind rustles the leaves in the trees",Not Address
"The stars twinkle in the night sky",Not Address
"The river flows gently under the bridge",Not Address
"The birds chirp in the early morning",Not Address
"The children play in the park",Not Address
"The train speeds along the tracks",Not Address
"The crowd cheers at the stadium",Not Address
"The sun sets behind the mountains",Not Address
"The waves crash against the rocky shore",Not Address
"A gentle breeze rustles the leaves",Not Address
"The sun rises over the horizon",Not Address
"The city skyline lights up at night",Not Address
"The leaves fall from the trees in autumn",Not Address
"The coffee is brewing in the kitchen",Not Address
"The clock ticks softly in the background",Not Address
"The car honks loudly in traffic",Not Address
"The rainforest is teeming with life",Not Address
"The road stretches endlessly into the distance",Not Address
"The mountains stand tall against the sky",Not Address
"The fire crackles in the fireplace",Not Address
"The waves lap against the sandy beach",Not Address
"The flowers bloom in the springtime",Not Address
"The old oak tree shades the garden",Not Address
"The city never sleeps, always bustling",Not Address
"The waterfall cascades down the rocks",Not Address
"The river meanders through the valley",Not Address
"The campfire warms the chilly night",Not Address
"The piano plays a haunting melody",Not Address
"The stars shimmer in the midnight sky",Not Address
"The birdsong welcomes the dawn",Not Address
"The forest is quiet, except for rustling leaves",Not Address
"The children laugh and play in the park",Not Address
"The wind howls through the abandoned building",Not Address
"The waves crash against the cliffs",Not Address
"The snow covers the ground in a white blanket",Not Address
"The wind rustles the leaves in the trees",Not Address
"The stars twinkle in the night sky",Not Address
"The river flows gently under the bridge",Not Address
"The birds chirp in the early morning",Not Address
"The children play in the park",Not Address
"The train speeds along the tracks",Not Address
"The crowd cheers at the stadium",Not Address
"The sun sets behind the mountains",Not Address
"The waves crash against the rocky shore",Not Address
"A gentle breeze rustles the leaves",Not Address
"The sun rises over the horizon",Not Address
"The city skyline lights up at night",Not Address
"The leaves fall from the trees in autumn",Not Address
"The coffee is brewing in the kitchen",Not Address
"The clock ticks softly in the background",Not Address
"The car honks loudly in traffic",Not Address
"The rainforest is teeming with life",Not Address
"The road stretches endlessly into the distance",Not Address
"The mountains stand tall against the sky",Not Address
"The fire crackles in the fireplace",Not Address
"The waves lap against the sandy beach",Not Address
"The flowers bloom in the springtime",Not Address
"The old oak tree shades the garden",Not Address
"The city never sleeps, always bustling",Not Address
"The waterfall cascades down the rocks",Not Address
"The river meanders through the valley",Not Address
"The campfire warms the chilly night",Not Address
"The piano plays a haunting melody",Not Address
"The stars shimmer in the midnight sky",Not Address
"The birdsong welcomes the dawn",Not Address
"The forest is quiet, except for rustling leaves",Not Address
"The children laugh and play in the park",Not Address
"The wind howls through the abandoned building",Not Address
"The waves crash against the cliffs",Not Address
"The coffee aroma fills the air",Not Address
"The clock strikes midnight, echoing in the silence",Not Address
"The sun is shining brightly today",Not Address
"The moonlight casts shadows on the ground",Not Address
"A red car speeds down the highway",Not Address
"The cat chases the mouse around the room",Not Address
"The rain pours down from the dark clouds",Not Address
"The ocean waves crash against the shore",Not Address
"The snow covers the ground in a white blanket",Not Address
"The wind rustles the leaves in the trees",Not Address
"The stars twinkle in the night sky",Not Address
"The river flows gently under the bridge",Not Address
"The birds chirp in the early morning",Not Address
"The children play in the park",Not Address
"The train speeds along the tracks",Not Address
"The crowd cheers at the stadium",Not Address
"The sun sets behind the mountains",Not Address
"The waves crash against the rocky shore",Not Address
"A gentle breeze rustles the leaves",Not Address
"The sun rises over the horizon",Not Address
"The city skyline lights up at night",Not Address
"The leaves fall from the trees in autumn",Not Address
"The coffee is brewing in the kitchen",Not Address
"The clock ticks softly in the background",Not Address
"The car honks loudly in traffic",Not Address
"The rainforest is teeming with life",Not Address
"The road stretches endlessly into the distance",Not Address
"The mountains stand tall against the sky",Not Address
"The fire crackles in the fireplace",Not Address
"The waves lap against the sandy beach",Not Address
"The flowers bloom in the springtime",Not Address
"The old oak tree shades the garden",Not Address
"The city never sleeps, always bustling",Not Address
"The waterfall cascades down the rocks",Not Address
"The river meanders through the valley",Not Address
"The campfire warms the chilly night",Not Address
"The piano plays a haunting melody",Not Address
"The stars shimmer in the midnight sky",Not Address
"The birdsong welcomes the dawn",Not Address
"The forest is quiet, except for rustling leaves",Not Address
"The children laugh and play in the park",Not Address
"The wind howls through the abandoned building",Not Address
"The waves crash against the cliffs",Not Address
"The snow covers the ground in a white blanket",Not Address
"The wind rustles the leaves in the trees",Not Address
"The stars twinkle in the night sky",Not Address
"The river flows gently under the bridge",Not Address
"The birds chirp in the early morning",Not Address
"The children play in the park",Not Address
"The train speeds along the tracks",Not Address
"The crowd cheers at the stadium",Not Address
"The sun sets behind the mountains",Not Address
"The waves crash against the rocky shore",Not Address
"A gentle breeze rustles the leaves",Not Address
"The sun rises over the horizon",Not Address
"The city skyline lights up at night",Not Address
"The leaves fall from the trees in autumn",Not Address
"The coffee is brewing in the kitchen",Not Address
"The clock ticks softly in the background",Not Address
"The car honks loudly in traffic",Not Address
"The rainforest is teeming with life",Not Address
"The road stretches endlessly into the distance",Not Address
"The mountains stand tall against the sky",Not Address
"The fire crackles in the fireplace",Not Address
"The waves lap against the sandy beach",Not Address
"The flowers bloom in the springtime",Not Address
"The old oak tree shades the garden",Not Address
"The city never sleeps, always bustling",Not Address
"The waterfall cascades down the rocks",Not Address
"The river meanders through the valley",Not Address
"The campfire warms the chilly night",Not Address
"The piano plays a haunting melody",Not Address
"The stars shimmer in the midnight sky",Not Address
"The birdsong welcomes the dawn",Not Address
"The forest is quiet, except for rustling leaves",Not Address
"The children laugh and play in the park",Not Address
"The wind howls through the abandoned building",Not Address
"The waves crash against the cliffs",Not Address
"The coffee aroma fills the air",Not Address
"The clock strikes midnight, echoing in the silence",Not Address
"The sun is shining brightly today",Not Address
"The moonlight casts shadows on the ground",Not Address
"A red car speeds down the highway",Not Address
"The cat chases the mouse around the room",Not Address
"The rain pours down from the dark clouds",Not Address
"The ocean waves crash against the shore",Not Address
"The snow covers the ground in a white blanket",Not Address
"The wind rustles the leaves in the trees",Not Address
"The stars twinkle in the night sky",Not Address
"The river flows gently under the bridge",Not Address
"The birds chirp in the early morning",Not Address
"The children play in the park",Not Address
"The train speeds along the tracks",Not Address
"The crowd cheers at the stadium",Not Address
"The sun sets behind the mountains",Not Address
"The waves crash against the rocky shore",Not Address
"A gentle breeze rustles the leaves",Not Address
"The sun rises over the horizon",Not Address
"The city skyline lights up at night",Not Address
"The leaves fall from the trees in autumn",Not Address
"The coffee is brewing in the kitchen",Not Address
"The clock ticks softly in the background",Not Address
"The car honks loudly in traffic",Not Address
"The rainforest is teeming with life",Not Address
"The road stretches endlessly into the distance",Not Address
"The mountains stand tall against the sky",Not Address
"The fire crackles in the fireplace",Not Address
"The waves lap against the sandy beach",Not Address
"The flowers bloom in the springtime",Not Address
"The old oak tree shades the garden",Not Address
"The city never sleeps, always bustling",Not Address
"The waterfall cascades down the rocks",Not Address
"The river meanders through the valley",Not Address
"The campfire warms the chilly night",Not Address
"The piano plays a haunting melody",Not Address
"The stars shimmer in the midnight sky",Not Address
"The birdsong welcomes the dawn",Not Address
"The forest is quiet, except for rustling leaves",Not Address
"The children laugh and play in the park",Not Address
"The wind howls through the abandoned building",Not Address
"The waves crash against the cliffs",Not Address
"The snow covers the ground in a white blanket",Not Address
"The wind rustles the leaves in the trees",Not Address
"The stars twinkle in the night sky",Not Address
"The river flows gently under the bridge",Not Address
"The birds chirp in the early morning",Not Address
"The children play in the park",Not Address
"The train speeds along the tracks",Not Address
"The crowd cheers at the stadium",Not Address
"The sun sets behind the mountains",Not Address
"The waves crash against the rocky shore",Not Address
"A gentle breeze rustles the leaves",Not Address
"The sun rises over the horizon",Not Address
"The city skyline lights up at night",Not Address
"The leaves fall from the trees in autumn",Not Address
"The coffee is brewing in the kitchen",Not Address
"The clock ticks softly in the background",Not Address
"The car honks loudly in traffic",Not Address
"The rainforest is teeming with life",Not Address
"The road stretches endlessly into the distance",Not Address
"The mountains stand tall against the sky",Not Address
"The fire crackles in the fireplace",Not Address
"The waves lap against the sandy beach",Not Address
"The flowers bloom in the springtime",Not Address
"The old oak tree shades the garden",Not Address
"The city never sleeps, always bustling",Not Address
"The waterfall cascades down the rocks",Not Address
"The river meanders through the valley",Not Address
"The campfire warms the chilly night",Not Address
"The piano plays a haunting melody",Not Address
"The stars shimmer in the midnight sky",Not Address
"The birdsong welcomes the dawn",Not Address
"The forest is quiet, except for rustling leaves",Not Address
"The children laugh and play in the park",Not Address
"The wind howls through the abandoned building",Not Address
"The waves crash against the cliffs",Not Address
"The coffee aroma fills the air",Not Address
"The clock strikes midnight, echoing in the silence",Not Address
"The sun is shining brightly today",Not Address
"The moonlight casts shadows on the ground",Not Address
"A red car speeds down the highway",Not Address
"The cat chases the mouse around the room",Not Address
"The rain pours down from the dark clouds",Not Address
"The ocean waves crash against the shore",Not Address
"The snow covers the ground in a white blanket",Not Address
"The wind rustles the leaves in the trees",Not Address
"The stars twinkle in the night sky",Not Address
"The river flows gently under the bridge",Not Address
"The birds chirp in the early morning",Not Address
"The children play in the park",Not Address
"The train speeds along the tracks",Not Address
"The crowd cheers at the stadium",Not Address
"The sun sets behind the mountains",Not Address
"The waves crash against the rocky shore",Not Address
"A gentle breeze rustles the leaves",Not Address
"The sun rises over the horizon",Not Address
"The city skyline lights up at night",Not Address
"The leaves fall from the trees in autumn",Not Address
"The coffee is brewing in the kitchen",Not Address
"The clock ticks softly in the background",Not Address
"The car honks loudly in traffic",Not Address
"The rainforest is teeming with life",Not Address
"The road stretches endlessly into the distance",Not Address
"The mountains stand tall against the sky",Not Address
"The fire crackles in the fireplace",Not Address
"The waves lap against the sandy beach",Not Address
"The flowers bloom in the springtime",Not Address
"The old oak tree shades the garden",Not Address
"The city never sleeps, always bustling",Not Address
"The waterfall cascades down the rocks",Not Address
"The river meanders through the valley",Not Address
"The campfire warms the chilly night",Not Address
"The piano plays a haunting melody",Not Address
"The stars shimmer in the midnight sky",Not Address
"The birdsong welcomes the dawn",Not Address
"The forest is quiet, except for rustling leaves",Not Address
"The children laugh and play in the park",Not Address
"The wind howls through the abandoned building",Not Address
"The waves crash against the cliffs",Not Address
"The snow covers the ground in a white blanket",Not Address
"The wind rustles the leaves in the trees",Not Address
"The stars twinkle in the night sky",Not Address
"The river flows gently under the bridge",Not Address
"The birds chirp in the early morning",Not Address
"The children play in the park",Not Address
"The train speeds along the tracks",Not Address
"The crowd cheers at the stadium",Not Address
"The sun sets behind the mountains",Not Address
"The waves crash against the rocky shore",Not Address
"A gentle breeze rustles the leaves",Not Address
"The sun rises over the horizon",Not Address
"The city skyline lights up at night",Not Address
"The leaves fall from the trees in autumn",Not Address
"The coffee is brewing in the kitchen",Not Address
"The clock ticks softly in the background",Not Address
"The car honks loudly in traffic",Not Address
"The rainforest is teeming with life",Not Address
"The road stretches endlessly into the distance",Not Address
"The mountains stand tall against the sky",Not Address
"The fire crackles in the fireplace",Not Address
"The waves lap against the sandy beach",Not Address
"The flowers bloom in the springtime",Not Address
"The old oak tree shades the garden",Not Address
"The city never sleeps, always bustling",Not Address
"The waterfall cascades down the rocks",Not Address
"The river meanders through the valley",Not Address
"The campfire warms the chilly night",Not Address
"The piano plays a haunting melody",Not Address
"The stars shimmer in the midnight sky",Not Address
"The birdsong welcomes the dawn",Not Address
"The forest is quiet, except for rustling leaves",Not Address
"The children laugh and play in the park",Not Address
"The wind howls through the abandoned building",Not Address
"The waves crash against the cliffs",Not Address
"The coffee aroma fills the air",Not Address
"The clock strikes midnight, echoing in the silence",Not Address
"The sun is shining brightly today",Not Address
"The moonlight casts shadows on the ground",Not Address
"A red car speeds down the highway",Not Address
"The cat chases the mouse around the room",Not Address
"The rain pours down from the dark clouds",Not Address
"The ocean waves crash against the shore",Not Address
"The snow covers the ground in a white blanket",Not Address
"The wind rustles the leaves in the trees",Not Address
"The stars twinkle in the night sky",Not Address
"The river flows gently under the bridge",Not Address
"The birds chirp in the early morning",Not Address
"The children play in the park",Not Address
"The train speeds along the tracks",Not Address
"The crowd cheers at the stadium",Not Address
"The sun sets behind the mountains",Not Address
"The waves crash against the rocky shore",Not Address
"A gentle breeze rustles the leaves",Not Address
"The sun rises over the horizon",Not Address
"The city skyline lights up at night",Not Address
"The leaves fall from the trees in autumn",Not Address
"The coffee is brewing in the kitchen",Not Address
"The clock ticks softly in the background",Not Address
"The car honks loudly in traffic",Not Address
"The rainforest is teeming with life",Not Address
"The road stretches endlessly into the distance",Not Address
"The mountains stand tall against the sky",Not Address
"The fire crackles in the fireplace",Not Address
"The waves lap against the sandy beach",Not Address
"The flowers bloom in the springtime",Not Address
"The old oak tree shades the garden",Not Address
"The city never sleeps, always bustling",Not Address
"The waterfall cascades down the rocks",Not Address
"The river meanders through the valley",Not Address
"The campfire warms the chilly night",Not Address
"The piano plays a haunting melody",Not Address
"The stars shimmer in the midnight sky",Not Address
"The birdsong welcomes the dawn",Not Address
"The forest is quiet, except for rustling leaves",Not Address
"The children laugh and play in the park",Not Address
"The wind howls through the abandoned building",Not Address
"The waves crash against the cliffs",Not Address
"The snow covers the ground in a white blanket",Not Address
"The wind rustles the leaves in the trees",Not Address
"The stars twinkle in the night sky",Not Address
"The river flows gently under the bridge",Not Address
"The birds chirp in the early morning",Not Address
"The children play in the park",Not Address
"The train speeds along the tracks",Not Address
"The crowd cheers at the stadium",Not Address
"The sun sets behind the mountains",Not Address
"The waves crash against the rocky shore",Not Address
"A gentle breeze rustles the leaves",Not Address
"The sun rises over the horizon",Not Address
"The city skyline lights up at night",Not Address
"The leaves fall from the trees in autumn",Not Address
"The coffee is brewing in the kitchen",Not Address
"The clock ticks softly in the background",Not Address
"The car honks loudly in traffic",Not Address
"The rainforest is teeming with life",Not Address
"The road stretches endlessly into the distance",Not Address
"The mountains stand tall against the sky",Not Address
"The fire crackles in the fireplace",Not Address
"The waves lap against the sandy beach",Not Address
"The flowers bloom in the springtime",Not Address
"The old oak tree shades the garden",Not Address
"The city never sleeps, always bustling",Not Address
"The waterfall cascades down the rocks",Not Address
"The river meanders through the valley",Not Address
"The campfire warms the chilly night",Not Address
"The piano plays a haunting melody",Not Address
"The stars shimmer in the midnight sky",Not Address
"The birdsong welcomes the dawn",Not Address
"The forest is quiet, except for rustling leaves",Not Address
"The children laugh and play in the park",Not Address
"The wind howls through the abandoned building",Not Address
"The waves crash against the cliffs",Not Address
"The coffee aroma fills the air",Not Address
"The clock strikes midnight, echoing in the silence",Not Address
"The sun is shining brightly today",Not Address
"The moonlight casts shadows on the ground",Not Address
"A red car speeds down the highway",Not Address
"The cat chases the mouse around the room",Not Address
"The rain pours down from the dark clouds",Not Address
"The ocean waves crash against the shore",Not Address
"The snow covers the ground in a white blanket",Not Address
"The wind rustles the leaves in the trees",Not Address
"The stars twinkle in the night sky",Not Address
"The river flows gently under the bridge",Not Address
"The birds chirp in the early morning",Not Address
"The children play in the park",Not Address
"The train speeds along the tracks",Not Address
"The crowd cheers at the stadium",Not Address
"The sun sets behind the mountains",Not Address
"The waves crash against the rocky shore",Not Address
"A gentle breeze rustles the leaves",Not Address
"The sun rises over the horizon",Not Address
"The city skyline lights up at night",Not Address
"The leaves fall from the trees in autumn",Not Address
"The coffee is brewing in the kitchen",Not Address
"The clock ticks softly in the background",Not Address
"The car honks loudly in traffic",Not Address
"The rainforest is teeming with life",Not Address
"The road stretches endlessly into the distance",Not Address
"The mountains stand tall against the sky",Not Address
"The fire crackles in the fireplace",Not Address
"The waves lap against the sandy beach",Not Address
"The flowers bloom in the springtime",Not Address
"The old oak tree shades the garden",Not Address
"The city never sleeps, always bustling",Not Address
"The waterfall cascades down the rocks",Not Address
"The river meanders through the valley",Not Address
"The campfire warms the chilly night",Not Address
"The piano plays a haunting melody",Not Address
"The stars shimmer in the midnight sky",Not Address
"The birdsong welcomes the dawn",Not Address
"The forest is quiet, except for rustling leaves",Not Address
"The children laugh and play in the park",Not Address
"The wind howls through the abandoned building",Not Address
"The waves crash against the cliffs",Not Address
"The snow covers the ground in a white blanket",Not Address
"The wind rustles the leaves in the trees",Not Address
"The stars twinkle in the night sky",Not Address
"The river flows gently under the bridge",Not Address
"The birds chirp in the early morning",Not Address
"The children play in the park",Not Address
"The train speeds along the tracks",Not Address
"The crowd cheers at the stadium",Not Address
"The sun sets behind the mountains",Not Address
"The waves crash against the rocky shore",Not Address
"A gentle breeze rustles the leaves",Not Address
"The sun rises over the horizon",Not Address
"The city skyline lights up at night",Not Address
"The leaves fall from the trees in autumn",Not Address
"The coffee is brewing in the kitchen",Not Address
"The clock ticks softly in the background",Not Address
"The car honks loudly in traffic",Not Address
"The rainforest is teeming with life",Not Address
"The road stretches endlessly into the distance",Not Address
"The mountains stand tall against the sky",Not Address
"The fire crackles in the fireplace",Not Address
"The waves lap against the sandy beach",Not Address
"The flowers bloom in the springtime",Not Address
"The old oak tree shades the garden",Not Address
"The city never sleeps, always bustling",Not Address
"The waterfall cascades down the rocks",Not Address
"The river meanders through the valley",Not Address
"The campfire warms the chilly night",Not Address
"The piano plays a haunting melody",Not Address
"The stars shimmer in the midnight sky",Not Address
"The birdsong welcomes the dawn",Not Address
"The forest is quiet, except for rustling leaves",Not Address
"The children laugh and play in the park",Not Address
"The wind howls through the abandoned building",Not Address
"The waves crash against the cliffs",Not Address
"The coffee aroma fills the air",Not Address
"The clock strikes midnight, echoing in the silence",Not Address
"The sun is shining brightly today",Not Address
"The moonlight casts shadows on the ground",Not Address
"A red car speeds down the highway",Not Address
"The cat chases the mouse around the room",Not Address
"The rain pours down from the dark clouds",Not Address
"The ocean waves crash against the shore",Not Address
"The snow covers the ground in a white blanket",Not Address
"The wind rustles the leaves in the trees",Not Address
"The stars twinkle in the night sky",Not Address
"The river flows gently under the bridge",Not Address
"The birds chirp in the early morning",Not Address
"The children play in the park",Not Address
"The train speeds along the tracks",Not Address
"The crowd cheers at the stadium",Not Address
"The sun sets behind the mountains",Not Address
"The waves crash against the rocky shore",Not Address
"A gentle breeze rustles the leaves",Not Address
"The sun rises over the horizon",Not Address
"The city skyline lights up at night",Not Address
"The leaves fall from the trees in autumn",Not Address
"The coffee is brewing in the kitchen",Not Address
"The clock ticks softly in the background",Not Address
"The car honks loudly in traffic",Not Address
"The rainforest is teeming with life",Not Address
"The road stretches endlessly into the distance",Not Address
"The mountains stand tall against the sky",Not Address
"The fire crackles in the fireplace",Not Address
"The waves lap against the sandy beach",Not Address
"The flowers bloom in the springtime",Not Address
"The old oak tree shades the garden",Not Address
"The city never sleeps, always bustling",Not Address
"The waterfall cascades down the rocks",Not Address
"The river meanders through the valley",Not Address
"The campfire warms the chilly night",Not Address
"The piano plays a haunting melody",Not Address
"The stars shimmer in the midnight sky",Not Address
"The birdsong welcomes the dawn",Not Address
"The forest is quiet, except for rustling leaves",Not Address
"The children laugh and play in the park",Not Address
"The wind howls through the abandoned building",Not Address
"The waves crash against the cliffs",Not Address
"1234 Elm Street, Springfield",Address
"5678 Oak Avenue, Greenville",Address
"9012 Pine Road, Lakeside",Address
"3456 Maple Lane, Riverdale",Address
"7890 Birch Drive, Mountainview",Address
"4321 Cedar Court, Brookside",Address
"8765 Redwood Lane, Parkside",Address
"2109 Willow Street, Sunnyside",Address
"6543 Sycamore Road, Woodville",Address
"9876 Magnolia Drive, Meadowbrook",Address
"1234 Elm Street, Springfield",Address
"5678 Oak Avenue, Greenville",Address
"9012 Pine Road, Lakeside",Address
"3456 Maple Lane, Riverdale",Address
"7890 Birch Drive, Mountainview",Address
"4321 Cedar Court, Brookside",Address
"8765 Redwood Lane, Parkside",Address
"2109 Willow Street, Sunnyside",Address
"6543 Sycamore Road, Woodville",Address
"9876 Magnolia Drive, Meadowbrook",Address
"The snow covers the ground in a white blanket",Not Address
"The wind rustles the leaves in the trees",Not Address
"The stars twinkle in the night sky",Not Address
"The river flows gently under the bridge",Not Address
"The birds chirp in the early morning",Not Address
"The children play in the park",Not Address
"The train speeds along the tracks",Not Address
"The crowd cheers at the stadium",Not Address
"The sun sets behind the mountains",Not Address
"The waves crash against the rocky shore",Not Address
"A gentle breeze rustles the leaves",Not Address
"The sun rises over the horizon",Not Address
"The city skyline lights up at night",Not Address
"The leaves fall from the trees in autumn",Not Address
"The coffee is brewing in the kitchen",Not Address
"The clock ticks softly in the background",Not Address
"The car honks loudly in traffic",Not Address
"The rainforest is teeming with life",Not Address
"The road stretches endlessly into the distance",Not Address
"The mountains stand tall against the sky",Not Address
"The fire crackles in the fireplace",Not Address
"The waves lap against the sandy beach",Not Address
"The flowers bloom in the springtime",Not Address
"The old oak tree shades the garden",Not Address
"The city never sleeps, always bustling",Not Address
"The waterfall cascades down the rocks",Not Address
"The river meanders through the valley",Not Address
"The campfire warms the chilly night",Not Address
"The piano plays a haunting melody",Not Address
"The stars shimmer in the midnight sky",Not Address
"The birdsong welcomes the dawn",Not Address
"The forest is quiet, except for rustling leaves",Not Address
"The children laugh and play in the park",Not Address
"The wind howls through the abandoned building",Not Address
"The waves crash against the cliffs",Not Address
"The coffee aroma fills the air",Not Address
"The clock strikes midnight, echoing in the silence",Not Address
"The sun is shining brightly today",Not Address
"The moonlight casts shadows on the ground",Not Address
"A red car speeds down the highway",Not Address
"The cat chases the mouse around the room",Not Address
"The rain pours down from the dark clouds",Not Address
"The ocean waves crash against the shore",Not Address
"2345 Willow Lane, Hillside",Address
"6789 Birch Avenue, Riverside",Address
"1234 Cedar Road, Brookdale",Address
"5678 Elm Street, Lakeshore",Address
"9012 Oak Drive, Forestville",Address
"3456 Sycamore Court, Maplewood",Address
"7890 Redwood Lane, Glenview",Address
"4321 Pine Avenue, Sunset",Address
"8765 Maple Lane, Woodside",Address
"2109 Elm Street, Oakville",Address
"6543 Willow Lane, Riverdale",Address
"9876 Oak Avenue, Hillcrest",Address
"2345 Elm Street, Glenwood",Address
"6789 Birch Drive, Oakside",Address
"1234 Cedar Court, Riverwalk",Address
"5678 Oak Avenue, Woodland",Address
"9012 Maple Drive, Hillcrest",Address
"3456 Sycamore Road, Oakwood",Address
"7890 Redwood Lane, Riverbank",Address
"4321 Pine Court, Lakeside",Address
"8765 Willow Drive, Brookside",Address
"2109 Elm Road, Meadowbrook",Address
"6543 Birch Lane, Riverside",Address
"9876 Cedar Avenue, Maplewood",Address
"The snow covers the ground in a white blanket",Not Address
"The wind rustles the leaves in the trees",Not Address
"The stars twinkle in the night sky",Not Address
"The river flows gently under the bridge",Not Address
"The birds chirp in the early morning",Not Address
"The children play in the park",Not Address
"The train speeds along the tracks",Not Address
"The crowd cheers at the stadium",Not Address
"The sun sets behind the mountains",Not Address
"The waves crash against the rocky shore",Not Address
"A gentle breeze rustles the leaves",Not Address
"The sun rises over the horizon",Not Address
"The city skyline lights up at night",Not Address
"The leaves fall from the trees in autumn",Not Address
"The coffee is brewing in the kitchen",Not Address
"The clock ticks softly in the background",Not Address
"The car honks loudly in traffic",Not Address
"The rainforest is teeming with life",Not Address
"The road stretches endlessly into the distance",Not Address
"The mountains stand tall against the sky",Not Address
"The fire crackles in the fireplace",Not Address
"The waves lap against the sandy beach",Not Address
"The flowers bloom in the springtime",Not Address
"The old oak tree shades the garden",Not Address
"The city never sleeps, always bustling",Not Address
"The waterfall cascades down the rocks",Not Address
"The river meanders through the valley",Not Address
"The campfire warms the chilly night",Not Address
"The piano plays a haunting melody",Not Address
"The stars shimmer in the midnight sky",Not Address
"The birdsong welcomes the dawn",Not Address
"The forest is quiet, except for rustling leaves",Not Address
"The children laugh and play in the park",Not Address
"The wind howls through the abandoned building",Not Address
"The waves crash against the cliffs",Not Address
"The coffee aroma fills the air",Not Address
"The clock strikes midnight, echoing in the silence",Not Address
"The sun is shining brightly today",Not Address
"The moonlight casts shadows on the ground",Not Address
"A red car speeds down the highway",Not Address
"The cat chases the mouse around the room",Not Address
"The rain pours down from the dark clouds",Not Address
"The ocean waves crash against the shore",Not Address
"1234 Pine Avenue, Oakside",Address
"5678 Maple Drive, Riverbank",Address
"9012 Birch Road, Forestville",Address
"3456 Elm Street, Maplewood",Address
"7890 Oak Avenue, Lakeshore",Address
"4321 Willow Lane, Sunset",Address
"8765 Cedar Court, Hillside",Address
"2109 Sycamore Road, Brookdale",Address
"6543 Redwood Lane, Woodland",Address
"9876 Pine Avenue, Glenview",Address
"2345 Cedar Road, Hillcrest",Address
"6789 Elm Street, Glenwood",Address
"1234 Oak Drive, Oakville",Address
"5678 Willow Lane, Riverdale",Address
"9012 Pine Road, Hillside",Address
"3456 Cedar Avenue, Riverwalk",Address
"7890 Birch Drive, Hillcrest",Address
"4321 Elm Avenue, Oakwood",Address
"8765 Willow Road, Meadowbrook",Address
"2109 Birch Lane, Riverside",Address
"6543 Pine Court, Lakeside",Address
"9876 Cedar Drive, Brookside",Address
"The snow covers the ground in a white blanket",Not Address
"The wind rustles the leaves in the trees",Not Address
"The stars twinkle in the night sky",Not Address
"The river flows gently under the bridge",Not Address
"The birds chirp in the early morning",Not Address
"The children play in the park",Not Address
"The train speeds along the tracks",Not Address
"The crowd cheers at the stadium",Not Address
"The sun sets behind the mountains",Not Address
"The waves crash against the rocky shore",Not Address
"A gentle breeze rustles the leaves",Not Address
"The sun rises over the horizon",Not Address
"The city skyline lights up at night",Not Address
"The leaves fall from the trees in autumn",Not Address
"The coffee is brewing in the kitchen",Not Address
"The clock ticks softly in the background",Not Address
"The car honks loudly in traffic",Not Address
"The rainforest is teeming with life",Not Address
"The road stretches endlessly into the distance",Not Address
"The mountains stand tall against the sky",Not Address
"The fire crackles in the fireplace",Not Address
"The waves lap against the sandy beach",Not Address
"The flowers bloom in the springtime",Not Address
"The old oak tree shades the garden",Not Address
"The city never sleeps, always bustling",Not Address
"The waterfall cascades down the rocks",Not Address
"The river meanders through the valley",Not Address
"The campfire warms the chilly night",Not Address
"The piano plays a haunting melody",Not Address
"The stars shimmer in the midnight sky",Not Address
"The birdsong welcomes the dawn",Not Address
"The forest is quiet, except for rustling leaves",Not Address
"The children laugh and play in the park",Not Address
"The wind howls through the abandoned building",Not Address
"The waves crash against the cliffs",Not Address
"The coffee aroma fills the air",Not Address
"The clock strikes midnight, echoing in the silence",Not Address
"The sun is shining brightly today",Not Address
"The moonlight casts shadows on the ground",Not Address
"A red car speeds down the highway",Not Address
"The cat chases the mouse around the room",Not Address
"The rain pours down from the dark clouds",Not Address
"The ocean waves crash against the shore",Not Address
"1234 Willow Avenue, Hillcrest",Address
"5678 Pine Drive, Lakeshore",Address
"9012 Elm Road, Riverside",Address
"3456 Sycamore Lane, Oakwood",Address
"7890 Birch Avenue, Riverdale",Address
"4321 Cedar Road, Maplewood",Address
"8765 Oak Street, Forestville",Address
"2109 Willow Lane, Glenview",Address
"6543 Maple Road, Brookdale",Address
"9876 Pine Drive, Oakside",Address
"2345 Elm Lane, Meadowbrook",Address
"6789 Sycamore Avenue, Woodland",Address
"1234 Birch Road, Hillside",Address
"5678 Cedar Drive, Sunset",Address
"9012 Willow Road, Woodside",Address
"3456 Elm Court, Glenwood",Address
"7890 Pine Avenue, Hillcrest",Address
"4321 Sycamore Drive, Oakville",Address
"8765 Cedar Avenue, Riverbank",Address
"2109 Birch Lane, Hillside",Address
"6543 Elm Street, Glenview",Address
"9876 Willow Drive, Brookdale",Address
"The snow covers the ground in a white blanket",Not Address
"The wind rustles the leaves in the trees",Not Address
"The stars twinkle in the night sky",Not Address
"The river flows gently under the bridge",Not Address
"The birds chirp in the early morning",Not Address
"The children play in the park",Not Address
"The train speeds along the tracks",Not Address
"The crowd cheers at the stadium",Not Address
"The sun sets behind the mountains",Not Address
"The waves crash against the rocky shore",Not Address
"A gentle breeze rustles the leaves",Not Address
"The sun rises over the horizon",Not Address
"The city skyline lights up at night",Not Address
"The leaves fall from the trees in autumn",Not Address
"The coffee is brewing in the kitchen",Not Address
"The clock ticks softly in the background",Not Address
"The car honks loudly in traffic",Not Address
"The rainforest is teeming with life",Not Address
"The road stretches endlessly into the distance",Not Address
"The mountains stand tall against the sky",Not Address
"The fire crackles in the fireplace",Not Address
"The waves lap against the sandy beach",Not Address
"The flowers bloom in the springtime",Not Address
"The old oak tree shades the garden",Not Address
"The city never sleeps, always bustling",Not Address
"The waterfall cascades down the rocks",Not Address
"The river meanders through the valley",Not Address
"The campfire warms the chilly night",Not Address
"The piano plays a haunting melody",Not Address
"The stars shimmer in the midnight sky",Not Address
"The birdsong welcomes the dawn",Not Address
"The forest is quiet, except for rustling leaves",Not Address
"The children laugh and play in the park",Not Address
"The wind howls through the abandoned building",Not Address
"The waves crash against the cliffs",Not Address
"The coffee aroma fills the air",Not Address
"The clock strikes midnight, echoing in the silence",Not Address
"The sun is shining brightly today",Not Address
"The moonlight casts shadows on the ground",Not Address
"A red car speeds down the highway",Not Address
"The cat chases the mouse around the room",Not Address
"The rain pours down from the dark clouds",Not Address
"The ocean waves crash against the shore",Not Address
"1234 Pine Lane, Hillside",Address
"5678 Willow Drive, Lakeshore",Address
"9012 Cedar Road, Riverside",Address
"3456 Birch Avenue, Oakwood",Address
"7890 Elm Street, Riverdale",Address
"4321 Sycamore Lane, Maplewood",Address
"8765 Oak Avenue, Forestville",Address
"2109 Pine Road, Glenview",Address
"6543 Cedar Drive, Brookdale",Address
"9876 Willow Avenue, Oakside",Address
"2345 Sycamore Road, Meadowbrook",Address
"6789 Elm Lane, Woodland",Address
"1234 Birch Road, Hillside",Address
"5678 Cedar Drive, Sunset",Address
"9012 Pine Road, Woodside",Address
"3456 Willow Road, Glenwood",Address
"7890 Sycamore Avenue, Hillcrest",Address
"4321 Elm Lane, Oakville",Address
"8765 Cedar Drive, Riverbank",Address
"2109 Pine Avenue, Hillside",Address
"6543 Willow Street, Glenview",Address
"9876 Elm Road, Brookdale",Address
"The snow covers the ground in a white blanket",Not Address
"The wind rustles the leaves in the trees",Not Address
"The stars twinkle in the night sky",Not Address
"The river flows gently under the bridge",Not Address
"The birds chirp in the early morning",Not Address
"The children play in the park",Not Address
"The train speeds along the tracks",Not Address
"The crowd cheers at the stadium",Not Address
"The sun sets behind the mountains",Not Address
"The waves crash against the rocky shore",Not Address
"A gentle breeze rustles the leaves",Not Address
"The sun rises over the horizon",Not Address
"The city skyline lights up at night",Not Address
"The leaves fall from the trees in autumn",Not Address
"The coffee is brewing in the kitchen",Not Address
"The clock ticks softly in the background",Not Address
"The car honks loudly in traffic",Not Address
"The rainforest is teeming with life",Not Address
"The road stretches endlessly into the distance",Not Address
"The mountains stand tall against the sky",Not Address
"The fire crackles in the fireplace",Not Address
"The waves lap against the sandy beach",Not Address
"The flowers bloom in the springtime",Not Address
"The old oak tree shades the garden",Not Address
"The city never sleeps, always bustling",Not Address
"The waterfall cascades down the rocks",Not Address
"The river meanders through the valley",Not Address
"The campfire warms the chilly night",Not Address
"The piano plays a haunting melody",Not Address
"The stars shimmer in the midnight sky",Not Address
"The birdsong welcomes the dawn",Not Address
"The forest is quiet, except for rustling leaves",Not Address
"The children laugh and play in the park",Not Address
"The wind howls through the abandoned building",Not Address
"The waves crash against the cliffs",Not Address
"The coffee aroma fills the air",Not Address
"The clock strikes midnight, echoing in the silence",Not Address
"The sun is shining brightly today",Not Address
"The moonlight casts shadows on the ground",Not Address
"A red car speeds down the highway",Not Address
"The cat chases the mouse around the room",Not Address
"The rain pours down from the dark clouds",Not Address
"The ocean waves crash against the shore",Not Address
"1234 Cedar Lane, Hillside",Address
"5678 Oak Drive, Lakeshore",Address
"9012 Sycamore Road, Riverside",Address
"3456 Pine Avenue, Oakwood",Address
"7890 Willow Street, Riverdale",Address
"4321 Elm Lane, Maplewood",Address
"8765 Birch Avenue, Forestville",Address
"2109 Cedar Drive, Glenview",Address
"6543 Oak Avenue, Brookdale",Address
"9876 Sycamore Lane, Oakside",Address
"2345 Birch Road, Meadowbrook",Address
"6789 Cedar Road, Woodland",Address
"1234 Willow Road, Hillside",Address
"5678 Elm Avenue, Sunset",Address
"9012 Oak Lane, Woodside",Address
"3456 Pine Drive, Glenwood",Address
"7890 Willow Lane, Hillcrest",Address
"4321 Elm Drive, Oakville",Address
"8765 Birch Lane, Riverbank",Address
"2109 Cedar Road, Hillside",Address
"6543 Oak Lane, Glenview",Address
"9876 Sycamore Road, Brookdale",Address
"The snow covers the ground in a white blanket",Not Address
"The wind rustles the leaves in the trees",Not Address
"The stars twinkle in the night sky",Not Address
"The river flows gently under the bridge",Not Address
"The birds chirp in the early morning",Not Address
"The children play in the park",Not Address
"The train speeds along the tracks",Not Address
"The crowd cheers at the stadium",Not Address
"The sun sets behind the mountains",Not Address
"The waves crash against the rocky shore",Not Address
"A gentle breeze rustles the leaves",Not Address
"The sun rises over the horizon",Not Address
"The city skyline lights up at night",Not Address
"The leaves fall from the trees in autumn",Not Address
"The coffee is brewing in the kitchen",Not Address
"The clock ticks softly in the background",Not Address
"The car honks loudly in traffic",Not Address
"The rainforest is teeming with life",Not Address
"The road stretches endlessly into the distance",Not Address
"The mountains stand tall against the sky",Not Address
"The fire crackles in the fireplace",Not Address
"The waves lap against the sandy beach",Not Address
"The flowers bloom in the springtime",Not Address
"The old oak tree shades the garden",Not Address
"The city never sleeps, always bustling",Not Address
"The waterfall cascades down the rocks",Not Address
"The river meanders through the valley",Not Address
"The campfire warms the chilly night",Not Address
"The piano plays a haunting melody",Not Address
"The stars shimmer in the midnight sky",Not Address
"The birdsong welcomes the dawn",Not Address
"The forest is quiet, except for rustling leaves",Not Address
"The children laugh and play in the park",Not Address
"The wind howls through the abandoned building",Not Address
"The waves crash against the cliffs",Not Address
"The coffee aroma fills the air",Not Address
"The clock strikes midnight, echoing in the silence",Not Address
"The sun is shining brightly today",Not Address
"The moonlight casts shadows on the ground",Not Address
"A red car speeds down the highway",Not Address
"The cat chases the mouse around the room",Not Address
"The rain pours down from the dark clouds",Not Address
"The ocean waves crash against the shore",Not Address
"1234 Birch Lane, Hillside",Address
"5678 Cedar Road, Lakeshore",Address
"9012 Elm Lane, Riverside",Address
"3456 Willow Drive, Oakwood",Address
"7890 Pine Road, Riverdale",Address
"4321 Oak Lane, Maplewood",Address
"8765 Sycamore Drive, Forestville",Address
"2109 Pine Lane, Glenview",Address
"6543 Elm Road, Brookdale",Address
"9876 Willow Avenue, Oakside",Address
"2345 Birch Drive, Meadowbrook",Address
"6789 Cedar Lane, Woodland",Address
"1234 Oak Road, Hillside",Address
"5678 Sycamore Lane, Sunset",Address
"9012 Pine Lane, Woodside",Address
"3456 Elm Drive, Glenwood",Address
"7890 Willow Drive, Hillcrest",Address
"4321 Sycamore Road, Oakville",Address
"8765 Oak Drive, Riverbank",Address
"2109 Pine Avenue, Hillside",Address
"6543 Elm Lane, Glenview",Address
"9876 Willow Lane, Brookdale",Address
"The snow covers the ground in a white blanket",Not Address
"The wind rustles the leaves in the trees",Not Address
"The stars twinkle in the night sky",Not Address
"The river flows gently under the bridge",Not Address
"The birds chirp in the early morning",Not Address
"The children play in the park",Not Address
"The train speeds along the tracks",Not Address
"The crowd cheers at the stadium",Not Address
"The sun sets behind the mountains",Not Address
"The waves crash against the rocky shore",Not Address
"A gentle breeze rustles the leaves",Not Address
"The sun rises over the horizon",Not Address
"The city skyline lights up at night",Not Address
"The leaves fall from the trees in autumn",Not Address
"The coffee is brewing in the kitchen",Not Address
"The clock ticks softly in the background",Not Address
"The car honks loudly in traffic",Not Address
"The rainforest is teeming with life",Not Address
"The road stretches endlessly into the distance",Not Address
"The mountains stand tall against the sky",Not Address
"The fire crackles in the fireplace",Not Address
"The waves lap against the sandy beach",Not Address
"The flowers bloom in the springtime",Not Address
"The old oak tree shades the garden",Not Address
"The city never sleeps, always bustling",Not Address
"The waterfall cascades down the rocks",Not Address
"The river meanders through the valley",Not Address
"The campfire warms the chilly night",Not Address
"The piano plays a haunting melody",Not Address
"The stars shimmer in the midnight sky",Not Address
"The birdsong welcomes the dawn",Not Address
"The forest is quiet, except for rustling leaves",Not Address
"The children laugh and play in the park",Not Address
"The wind howls through the abandoned building",Not Address
"The waves crash against the cliffs",Not Address
"The coffee aroma fills the air",Not Address
"The clock strikes midnight, echoing in the silence",Not Address
"The sun is shining brightly today",Not Address
"The moonlight casts shadows on the ground",Not Address
"A red car speeds down the highway",Not Address
"The cat chases the mouse around the room",Not Address
"The rain pours down from the dark clouds",Not Address
"The ocean waves crash against the shore",Not Address
"1234 Willow Drive, Hillside",Address
"5678 Pine Lane, Lakeshore",Address
"9012 Elm Drive, Riverside",Address
"3456 Cedar Avenue, Oakwood",Address
"7890 Sycamore Road, Riverdale",Address
"4321 Oak Road, Maplewood",Address
"8765 Pine Lane, Forestville",Address
"2109 Elm Lane, Glenview",Address
"6543 Cedar Lane, Brookdale",Address
"9876 Sycamore Drive, Oakside",Address
"2345 Oak Lane, Meadowbrook",Address
"6789 Willow Road, Woodland",Address
"1234 Pine Road, Hillside",Address
"5678 Elm Lane, Sunset",Address
"9012 Cedar Lane, Woodside",Address
"3456 Willow Avenue, Glenwood",Address
"7890 Cedar Road, Hillcrest",Address
"4321 Sycamore Drive, Oakville",Address
"8765 Pine Road, Riverbank",Address
"2109 Elm Road, Hillside",Address
"6543 Cedar Road, Glenview",Address
"9876 Sycamore Lane, Brookdale",Address
"The snow covers the ground in a white blanket",Not Address
"The wind rustles the leaves in the trees",Not Address
"The stars twinkle in the night sky",Not Address
"The river flows gently under the bridge",Not Address
"The birds chirp in the early morning",Not Address
"The children play in the park",Not Address
"The train speeds along the tracks",Not Address
"The crowd cheers at the stadium",Not Address
"The sun sets behind the mountains",Not Address
"The waves crash against the rocky shore",Not Address
"A gentle breeze rustles the leaves",Not Address
"The sun rises over the horizon",Not Address
"The city skyline lights up at night",Not Address
"The leaves fall from the trees in autumn",Not Address
"The coffee is brewing in the kitchen",Not Address
"The clock ticks softly in the background",Not Address
"The car honks loudly in traffic",Not Address
"The rainforest is teeming with life",Not Address
"The road stretches endlessly into the distance",Not Address
"The mountains stand tall against the sky",Not Address
"The fire crackles in the fireplace",Not Address
"The waves lap against the sandy beach",Not Address
"The flowers bloom in the springtime",Not Address
"The old oak tree shades the garden",Not Address
"The city never sleeps, always bustling",Not Address
"The waterfall cascades down the rocks",Not Address
"The river meanders through the valley",Not Address
"The campfire warms the chilly night",Not Address
"The piano plays a haunting melody",Not Address
"The stars shimmer in the midnight sky",Not Address
"The birdsong welcomes the dawn",Not Address
"The forest is quiet, except for rustling leaves",Not Address
"The children laugh and play in the park",Not Address
"The wind howls through the abandoned building",Not Address
"The waves crash against the cliffs",Not Address
"The coffee aroma fills the air",Not Address
"The clock strikes midnight, echoing in the silence",Not Address
"The sun is shining brightly today",Not Address
"The moonlight casts shadows on the ground",Not Address
"A red car speeds down the highway",Not Address
"The cat chases the mouse around the room",Not Address
"The rain pours down from the dark clouds",Not Address
"The ocean waves crash against the shore",Not Address
"1234 Cedar Road, Hillside",Address
"5678 Elm Avenue, Lakeshore",Address
"9012 Pine Lane, Riverside",Address
"3456 Willow Drive, Oakwood",Address
"7890 Birch Road, Riverdale",Address
"4321 Oak Avenue, Maplewood",Address
"8765 Pine Lane, Forestville",Address
"2109 Cedar Drive, Glenview",Address
"6543 Sycamore Avenue, Brookdale",Address
"9876 Elm Lane, Oakside",Address
"2345 Birch Lane, Meadowbrook",Address
"6789 Oak Road, Woodland",Address
"1234 Sycamore Road, Hillside",Address
"5678 Elm Lane, Sunset",Address
"9012 Pine Avenue, Woodside",Address
"3456 Willow Road, Glenwood",Address
"7890 Birch Drive, Hillcrest",Address
"4321 Cedar Lane, Oakville",Address
"8765 Elm Drive, Riverbank",Address
"2109 Pine Road, Hillside",Address
"6543 Sycamore Drive, Glenview",Address
"9876 Elm Road, Brookdale",Address
"The snow covers the ground in a white blanket",Not Address
"The wind rustles the leaves in the trees",Not Address
"The stars twinkle in the night sky",Not Address
"The river flows gently under the bridge",Not Address
"The birds chirp in the early morning",Not Address
"The children play in the park",Not Address
"The train speeds along the tracks",Not Address
"The crowd cheers at the stadium",Not Address
"The sun sets behind the mountains",Not Address
"The waves crash against the rocky shore",Not Address
"A gentle breeze rustles the leaves",Not Address
"The sun rises over the horizon",Not Address
"The city skyline lights up at night",Not Address
"The leaves fall from the trees in autumn",Not Address
"The coffee is brewing in the kitchen",Not Address
"The clock ticks softly in the background",Not Address
"The car honks loudly in traffic",Not Address
"The rainforest is teeming with life",Not Address
"The road stretches endlessly into the distance",Not Address
"The mountains stand tall against the sky",Not Address
"The fire crackles in the fireplace",Not Address
"The waves lap against the sandy beach",Not Address
"The flowers bloom in the springtime",Not Address
"The old oak tree shades the garden",Not Address
"The city never sleeps, always bustling",Not Address
"The waterfall cascades down the rocks",Not Address
"The river meanders through the valley",Not Address
"The campfire warms the chilly night",Not Address
"The piano plays a haunting melody",Not Address
"The stars shimmer in the midnight sky",Not Address
"The birdsong welcomes the dawn",Not Address
"The forest is quiet, except for rustling leaves",Not Address
"The children laugh and play in the park",Not Address
"The wind howls through the abandoned building",Not Address
"The waves crash against the cliffs",Not Address
"The coffee aroma fills the air",Not Address
"The clock strikes midnight, echoing in the silence",Not Address
"The sun is shining brightly today",Not Address
"The moonlight casts shadows on the ground",Not Address
"A red car speeds down the highway",Not Address
"The cat chases the mouse around the room",Not Address
"The rain pours down from the dark clouds",Not Address
"The ocean waves crash against the shore",Not Address
"1234 Pine Drive, Hillside",Address
"5678 Elm Avenue, Lakeshore",Address
"9012 Cedar Lane, Riverside",Address
"3456 Birch Road, Oakwood",Address
"7890 Oak Drive, Riverdale",Address
"4321 Pine Lane, Maplewood",Address
"8765 Sycamore Road, Forestville",Address
"2109 Elm Drive, Glenview",Address
"6543 Cedar Avenue, Brookdale",Address
"9876 Birch Lane, Oakside",Address
"2345 Oak Drive, Meadowbrook",Address
"6789 Pine Road, Woodland",Address
"1234 Cedar Road, Hillside",Address
"5678 Elm Lane, Sunset",Address
"9012 Sycamore Lane, Woodside",Address
"3456 Elm Lane, Glenwood",Address
"7890 Cedar Road, Hillcrest",Address
"4321 Pine Lane, Oakville",Address
"8765 Sycamore Avenue, Riverbank",Address
"2109 Elm Lane, Hillside",Address
"6543 Cedar Lane, Glenview",Address
"9876 Birch Road, Brookdale",Address
"The snow covers the ground in a white blanket",Not Address
"The wind rustles the leaves in the trees",Not Address
"The stars twinkle in the night sky",Not Address
"The river flows gently under the bridge",Not Address
"The birds chirp in the early morning",Not Address
"The children play in the park",Not Address
"The train speeds along the tracks",Not Address
"The crowd cheers at the stadium",Not Address
"The sun sets behind the mountains",Not Address
"The waves crash against the rocky shore",Not Address
"A gentle breeze rustles the leaves",Not Address
"The sun rises over the horizon",Not Address
"The city skyline lights up at night",Not Address
"The leaves fall from the trees in autumn",Not Address
"The coffee is brewing in the kitchen",Not Address
"The clock ticks softly in the background",Not Address
"The car honks loudly in traffic",Not Address
"The rainforest is teeming with life",Not Address
"The road stretches endlessly into the distance",Not Address
"The mountains stand tall against the sky",Not Address
"The fire crackles in the fireplace",Not Address
"The waves lap against the sandy beach",Not Address
"The flowers bloom in the springtime",Not Address
"The old oak tree shades the garden",Not Address
"The city never sleeps, always bustling",Not Address
"The waterfall cascades down the rocks",Not Address
"The river meanders through the valley",Not Address
"The campfire warms the chilly night",Not Address
"The piano plays a haunting melody",Not Address
"The stars shimmer in the midnight sky",Not Address
"The birdsong welcomes the dawn",Not Address
"The forest is quiet, except for rustling leaves",Not Address
"The children laugh and play in the park",Not Address
"The wind howls through the abandoned building",Not Address
"The waves crash against the cliffs",Not Address
"The coffee aroma fills the air",Not Address
"The clock strikes midnight, echoing in the silence",Not Address
"The sun is shining brightly today",Not Address
"The moonlight casts shadows on the ground",Not Address
"A red car speeds down the highway",Not Address
"The cat chases the mouse around the room",Not Address
"The rain pours down from the dark clouds",Not Address
"The ocean waves crash against the shore",Not Address
"1234 Sycamore Lane, Hillside",Address
"5678 Oak Road, Lakeshore",Address
"9012 Pine Lane, Riverside",Address
"3456 Cedar Drive, Oakwood",Address
"7890 Elm Road, Riverdale",Address
"4321 Pine Road, Maplewood",Address
"8765 Sycamore Drive, Forestville",Address
"2109 Oak Lane, Glenview",Address
"6543 Birch Road, Brookdale",Address
"9876 Cedar Lane, Oakside",Address
"2345 Elm Drive, Meadowbrook",Address
"6789 Pine Lane, Woodland",Address
"1234 Cedar Road, Hillside",Address
"5678 Elm Lane, Sunset",Address
"9012 Sycamore Lane, Woodside",Address
"3456 Elm Lane, Glenwood",Address
"7890 Cedar Road, Hillcrest",Address
"4321 Pine Lane, Oakville",Address
"8765 Sycamore Avenue, Riverbank",Address
"2109 Elm Lane, Hillside",Address
"6543 Cedar Lane, Glenview",Address
"9876 Birch Road, Brookdale",Address
"The snow covers the ground in a white blanket",Not Address
"The wind rustles the leaves in the trees",Not Address
"The stars twinkle in the night sky",Not Address
"The river flows gently under the bridge",Not Address
"The birds chirp in the early morning",Not Address
"The children play in the park",Not Address
"The train speeds along the tracks",Not Address
"The crowd cheers at the stadium",Not Address
"The sun sets behind the mountains",Not Address
"The waves crash against the rocky shore",Not Address
"A gentle breeze rustles the leaves",Not Address
"The sun rises over the horizon",Not Address
"The city skyline lights up at night",Not Address
"The leaves fall from the trees in autumn",Not Address
"The coffee is brewing in the kitchen",Not Address
"The clock ticks softly in the background",Not Address
"The car honks loudly in traffic",Not Address
"The rainforest is teeming with life",Not Address
"The road stretches endlessly into the distance",Not Address
"The mountains stand tall against the sky",Not Address
"The fire crackles in the fireplace",Not Address
"The waves lap against the sandy beach",Not Address
"The flowers bloom in the springtime",Not Address
"The old oak tree shades the garden",Not Address
"The city never sleeps, always bustling",Not Address
"The waterfall cascades down the rocks",Not Address
"The river meanders through the valley",Not Address
"The campfire warms the chilly night",Not Address
"The piano plays a haunting melody",Not Address
"The stars shimmer in the midnight sky",Not Address
"The birdsong welcomes the dawn",Not Address
"The forest is quiet, except for rustling leaves",Not Address
"The children laugh and play in the park",Not Address
"The wind howls through the abandoned building",Not Address
"The waves crash against the cliffs",Not Address
"The coffee aroma fills the air",Not Address
"The clock strikes midnight, echoing in the silence",Not Address
"The sun is shining brightly today",Not Address
"The moonlight casts shadows on the ground",Not Address
"A red car speeds down the highway",Not Address
"The cat chases the mouse around the room",Not Address
"The rain pours down from the dark clouds",Not Address
"The ocean waves crash against the shore",Not Address